504,King,64579    
32,Eglinton West,48684    
36,Finch West,43952    
52,Lawrence West,43882    
510,Spadina,43804    
501,Queen,43464    
29,Dufferin,39721    
506,Carlton,39601    
512,St. Clair,38113    
54,Lawrence East,36277    
35,Jane,32479    
505,Dundas,32410    
60,Steeles West,29819    
34,Eglinton East,29501    
53,Steeles East,28278    
95,York Mills,27485    
85,Sheppard East,27146    
24,Victoria Park,26869    
7,Bathurst,26251    
165,Weston Rd. North,26071    
25,Don Mills,39066    
96,Wilson,25120    
102,Markham Rd.,25097    
41,Keele,24597    
39,Finch East,23745    
63,Ossington,22694    
196,York University Rocket,21892    
511,Bathurst,21433    
199,Finch Rocket,19968    
116,Morningside,19506    
84,Sheppard West,19143    
45,Kipling,18682    
37,Islington,17087    
89,Weston,17011    
68,Warden,15828    
100,Flemingdon Park,15807    
43,Kennedy,15494    
47,Lansdowne,15354    
129,McCowan North,14787    
86,Scarborough,13717    
195,Jane Rocket,13033    
191,Hwy. 27 Rocket,12838    
11,Bayview,11987    
87,Cosburn,11794    
57,Midland,11614    
16,McCowan,11279    
190,Scarborough Rocket,10489    
17,Birchmount,10472    
38,Highland Creek,10262    
76,Royal York South,10063    
44,Kipling South,10046    
75,Sherbourne,10005    
133,Neilson,9950    
509,Harbourfront,9903    
134,Progress,9735    
12,Kingston Rd.,9715    
73,Royal York,9598    
110,Islington South,9168    
21,Brimley,8790    
79,Scarlett Rd.,8651    
42,Cummer,8610    
168,Symington,8566    
94,Wellesley,8525    
6,Bay,7944    
70,O'Connor,7745    
106,York University,7687    
112,West Mall,7297    
46,Martin Grove,6927    
108,Downsview,6841    
198,U of T Scarborough Rocket,6681    
72,Pape,6647    
161,Rogers Rd.,6606    
64,Main,4984    
123,Shorncliffe,6448    
23,Dawes,6445    
90,Vaughan,6417    
111,East Mall,6376    
22,Coxwell,6272    
131,Nugget,6202    
20,Cliffside,6145    
81,Thorncliffe Park,6001    
91,Woodbine,5589    
69,Warden South,5494    
67,Pharmacy,5318    
9,Bellamy,5305    
113,Danforth Rd.,5272    
109,Ranee,5270    
88,South Leaside,5008    
122,Graydon Hall,4799    
105,Dufferin North,4724    
66,Prince Edward,5812    
40,Junction,4654    
71,Runnymede,4631    
192,Airport Rocket,4488    
502,Downtowner,4454    
97,Yonge,4175    
51,Leslie,4117    
124,Sunnybrook,3969    
65,Parliament,3961    
26,Dupont ,3899    
56,Leaside,4140    
49,Bloor West,3756    
125,Drewry,3608    
61,Avenue Rd. North,3603    
59,Maple Leaf,3581    
104,Faywood,3577    
160,Bathurst North,3537    
107,Keele North,3265    
92,Woodbine South,3159    
50,Burnhamthorpe,3111    
31,Greenwood,3102    
77,Swansea,3075    
132,Milner,2810    
15,Evans,2810    
30,Lambton,2766    
62,Mortimer,2729    
98,Willowdale-Senlac,2644    
48,Rathburn,2567    
14,Glencairn,2491    
135,Gerrard,2441    
126,Christie,2403    
117,Alness,2352    
83,Jones,2283    
130,Middlefield,2254    
80,Queensway,2224    
5,Avenue Rd.,2009    
28,Bayview South,1198    
78,St. Andrews,1791    
127,Davenport,1649    
167,Pharmacy North,1627    
300,Bloor-Danforth N.B.,1577    
169,Huntingwood,1453    
103,Mt. Pleasant North,1449    
55,Warren Park,1436    
503,Kingston Rd. ,1399    
82,Rosedale,1386    
120,Calvington,1805    
320,Yonge N.B.,1285    
115,Silver Hills,1149    
74,Mt. Pleasant,1137    
10,Van Horne,945    
8,Broadview,845    
162,Lawrence-Donway,753    
33,Forest Hill,1165    
144,Downtown/Don Valley Exp.,607    
301,Queen N.C.,572    
306,Carlton N.C.,534    
99,Arrow  Road,461    
171,Mt. Dennis,420    
143,Downtown/Beach Express,415    
395,York Mills N.B.,342    
336,Finch West N.B.,338    
101,Downsview Park,292    
145,Downtown/Humber Bay Expr.,282    
332,Eglinton West N.B.,255    
329,Dufferin N.B.,250    
335,Jane N.B.,233    
142,Downtown/Avenue Rd. Expr.,225    
325,Don Mills N.B.,222    
334,Eglinton East NB,215    
337,Islington N.B.,205    
317,Spadina,198    
354,Lawrence East N.B.,196    
307,Bathurst N.B.,191    
396,Wilson N.B.,158    
385,Sheppard East N.B.,131    
141,Downtown/Mt. Pleasant Expr.,126    
302,Kingston Rd-McCowan N.B.,125    
339,Finch East N.B.,122    
363,Ossington N.B.,110    
322,Coxwell N.B.,90    
324,Victoria Park N.B.,89    
352,Lawrence West N.B.,79    
312,St. Clair-Junction N.C.,70    
353,Steeles  N.B.,35    
